,distilbert-base-uncased_5e-05,bert-base-uncased_5e-05,biobert_4e-05,bioclinicalbert_5e-05,medbert_5e-05
test_loss,0.7808095216751099,0.7933958172798157,0.7086493968963623,0.7127560377120972,0.7173352241516113
test_overall_precision,0.552185089974293,0.5842979365878208,0.6389342033713975,0.5921931176168465,0.5627151992129857
test_overall_recall,0.5821138211382114,0.6292682926829268,0.6604834176503653,0.6521493212669683,0.6430578976953345
test_overall_f1,0.5667546174142482,0.6059498956158664,0.6495301271420674,0.6207267833109018,0.6002098635886673
test_overall_accuracy,0.6570507077584662,0.6923490413904319,0.7328588786668981,0.7163378331602631,0.7212289533067175
test_runtime,0.3027,0.5316,0.48,0.48,0.481
test_samples_per_second,66.069,37.625,41.666,41.666,41.58
test_steps_per_second,16.517,9.406,10.417,10.417,10.395
